_MeanReward,Steps,_mean_obs,_min_obs,_max_obs,_std_obs,_mean_act,_min_act,_max_act,_std_act,_mean_adv,_min_adv,_max_adv,_std_adv,_mean_discrew,_min_discrew,_max_discrew,_std_discrew,_Episode,PolicyLoss,PolicyEntropy,KL,Beta,_lr_multiplier,ValFuncLoss,ExplainedVarNew,ExplainedVarOld
-42.19431658383552,5000,0.07616941149030049,-1.3317092367288104,1.182530044752632,0.05298942224615193,0.08025653,-2.498782,2.9495847,0.44308424,1.1368683772161604e-17,-3.5431679211306837,3.062120326660307,0.9999810458359901,-0.02844552150886061,-0.08448126120683314,0.01730888021927495,0.0003599914059315865,5,-0.002763094,1.8428749,0.0014306098,0.6666666666666666,1.0,0.00022501487549708962,0.37877230133744766,-61.01199171486018
-49.13077547946157,5000,0.0779024061314166,-1.1943452751934345,1.221216494394421,0.05017851924962804,0.1555371,-2.4558597,3.0564256,0.42128634,3.4106051316484806e-17,-5.181281247892556,4.139416442923135,0.9998033088606486,-0.036835184870455055,-0.08908502578993394,0.017925871761643966,0.0005355271048414215,10,-0.005278876,1.8541157,0.0041734544,0.6666666666666666,1.0,0.0002499222060044248,0.5442038331021385,0.3620084791874111
-48.05978453566503,5000,0.06776409173606046,-1.2717390365466315,1.1615473686928033,0.049872982221787605,0.184895,-2.566596,3.047154,0.42477453,1.1368683772161604e-17,-5.576406512678751,5.740105431499958,0.9997749354180628,-0.03705858868639143,-0.1058556877660527,0.027617301865679924,0.0005819900601489287,15,-0.006301595,1.8607451,0.006047351,1.0,1.0,0.00021424741850359962,0.6805975268133855,0.4847166792151463
-36.84462708184576,5000,0.0694453633797647,-1.2182154413318866,1.0730805933353125,0.045728601183998706,0.18342222,-2.1554492,2.4832838,0.40015036,2.842170943040401e-17,-4.859193984386303,6.419644552177619,0.9998045976400263,-0.023958404904808737,-0.09067643153220231,0.035366141444276716,0.000390690848126241,20,-0.0038457308,1.8659015,0.0044958116,1.0,1.0,0.0002584668744883324,0.40693625900886166,0.2918847502685442
-23.035052003000118,5000,0.04886231485695335,-1.2505456972750437,1.2208861862494635,0.04977753469551312,0.16143274,-2.5064282,2.8390014,0.4262005,5.684341886080802e-17,-6.451802268062651,5.15099510975191,0.9998219000762604,-0.011854794982764469,-0.08702164396938336,0.030175554762699997,0.00034617765667088686,25,-0.0025544036,1.8678466,0.0016606079,1.0,1.0,0.00015755803418099936,0.7558984895664291,-0.009963283187333971
