_MeanReward,Steps,_mean_obs,_min_obs,_max_obs,_std_obs,_mean_act,_min_act,_max_act,_std_act,_mean_adv,_min_adv,_max_adv,_std_adv,_mean_discrew,_min_discrew,_max_discrew,_std_discrew,_Episode,PolicyLoss,PolicyEntropy,KL,Beta,_lr_multiplier,ValFuncLoss,ExplainedVarNew,ExplainedVarOld
-5.346171668826229,5000,0.051808272850125445,-2.2632280362013915,2.192544272040286,0.19536633266829237,0.13423766,-2.8494072,2.7934642,0.4677213,-1.9895196601282805e-17,-3.767057077068979,4.229854573908021,0.9999888130000443,-0.0018986888643537938,-0.10982769457391403,0.07540479170575472,0.0006337104901930929,5,-0.0042616953,1.847979,0.0038437354,1.0,1.0,0.00039405814257179457,0.37827472124953654,-80.69344746118908
-2.143219070366268,5000,0.06246712865899742,-1.3375645860575975,1.6102901390991047,0.09826788566907468,0.2436274,-2.226274,2.7609103,0.44129503,2.2737367544323207e-17,-4.422868204993535,3.7485375654839483,0.9999012052406157,-0.0020119672846953727,-0.09771828414297024,0.09768480141575762,0.0008600875918875003,10,-0.0043800753,1.8587188,0.0034225753,1.0,1.0,0.0005858643963999052,0.35372033337797926,-0.10018761784369978
-4.533782152825023,5000,0.052623234502993284,-1.8019231553825463,1.6855618284207474,0.10479645026424225,0.17406479,-2.3116415,2.915423,0.4568023,-2.842170943040401e-18,-4.626754061350054,3.6494018376123183,0.9999015812779453,-0.00358666897056246,-0.11068296518125044,0.11966505280091913,0.0013558938698386765,15,-0.0033980352,1.8582084,0.0026255054,1.0,1.0,0.0006056955106735593,0.5922426706069124,0.32143328227590795
4.65652873292331,5000,0.050175331793157946,-1.7557715692295424,1.4989278367735113,0.10328504668283099,0.15628622,-2.3917303,2.6837442,0.44675037,-3.4106051316484806e-17,-3.6001918210318484,4.204470983229841,0.9998880294700646,0.006471190287291563,-0.08388305529289268,0.1407725486900342,0.0014974483193099608,20,-0.005385894,1.8503909,0.0046699247,1.0,1.0,0.0003363502822514733,0.7895154662698374,0.5268924529907313
-0.9428990640578107,5000,0.06154120520540409,-1.5165824203896918,1.4551415778212278,0.08466651301518935,0.20520669,-2.202267,2.531319,0.42073148,2.842170943040401e-17,-4.110455493211217,4.672818326944146,0.9998258888055636,-0.001484614854974207,-0.08033414080182437,0.17667201836099253,0.0011126395347745063,25,-0.003500154,1.845344,0.0038686523,1.0,1.0,0.00023658564991457033,0.7882882804082099,0.703046155371102
