_MeanReward,Steps,_mean_obs,_min_obs,_max_obs,_std_obs,_mean_act,_min_act,_max_act,_std_act,_mean_adv,_min_adv,_max_adv,_std_adv,_mean_discrew,_min_discrew,_max_discrew,_std_discrew,_Episode,PolicyLoss,PolicyEntropy,KL,Beta,_lr_multiplier,ValFuncLoss,ExplainedVarNew,ExplainedVarOld
-0.740359304172392,5000,0.3239011976373378,-1.883790970953516,2.1202247264450884,0.05051094176913636,0.31021816,-2.273668,2.679966,0.3780648,1.0516032489249483e-16,-4.439174092293555,8.088351349970754,0.9999490494006197,-0.0014756129175054642,-0.04421204077331047,0.0331379243367553,0.00010032698937336964,5,-0.008443972,1.8381189,0.004301717,1.0,1.0,5.418028192253109e-05,0.4613391995816537,-20.56585982029459
7.558831222341874,5000,0.078021086368769,-2.112390436344967,2.2578684690502953,0.06997449630042879,0.16687809,-2.2621398,2.8809583,0.41832596,5.684341886080802e-18,-3.2605934284030473,3.968385280320446,0.9999474955080281,0.0034799738768334664,-0.03813117352476115,0.07200825017899806,0.00022098441595312703,10,-0.0028135383,1.837963,0.0033536346,1.0,1.0,0.00012912552215895795,0.4164654765601893,-7.976372126638118
10.594852331945324,5000,0.06838590126649674,-1.616851792522445,1.708503697414894,0.06707716418799481,0.16205682,-2.0029695,2.6546926,0.42412513,-1.1368683772161604e-17,-4.038534238795638,4.695914098225298,0.9997801832838672,0.009094215494461336,-0.034712363060810714,0.0804816396549708,0.0003487864690221273,15,-0.0061796177,1.8371739,0.004259402,1.0,1.0,0.0001045688774561086,0.7018177794033177,0.3960226758035039
18.050999908145076,5000,0.06611929287487794,-1.747682414261945,1.6409214250607922,0.06486973580326298,0.18738641,-2.1113992,2.559565,0.4200616,0.0,-4.704860739231085,6.808432319944906,0.9997708250323208,0.012353884799731362,-0.021292592530705257,0.12364951328753249,0.0006533791662986209,20,-0.0059524807,1.8358278,0.0048060273,1.0,1.0,8.612708054134524e-05,0.8699003336042255,0.5755269658383653
11.20306531742376,5000,0.07376614560564763,-1.4702903916177403,1.9298211030097359,0.04461255203811177,0.20581748,-2.119663,2.430815,0.40820912,-1.1368683772161604e-17,-7.695544682839149,5.1441145353983195,0.9997430020005726,0.00515575102877193,-0.028774250314808476,0.132097832465038,0.000291490991405132,25,-0.004673875,1.8318148,0.002099082,1.0,1.0,5.6425699646422675e-05,0.8127903844600646,0.6669740000381461
