_MeanReward,Steps,_mean_obs,_min_obs,_max_obs,_std_obs,_mean_act,_min_act,_max_act,_std_act,_mean_adv,_min_adv,_max_adv,_std_adv,_mean_discrew,_min_discrew,_max_discrew,_std_discrew,_Episode,PolicyLoss,PolicyEntropy,KL,Beta,_lr_multiplier,ValFuncLoss,ExplainedVarNew,ExplainedVarOld
-18.691718731506576,5000,0.05232429462719611,-1.307452679559507,1.2597362296859407,0.03533166616966171,0.08717658,-2.3977854,2.5495994,0.40431166,-8.526512829121201e-18,-3.628297565143346,5.560222074199837,0.9999857810327206,-0.013398605849943191,-0.06992059014837183,0.02984566322938824,0.00019073317691697942,5,-0.0045822477,1.8486729,0.0028150843,1.0,1.0,9.832057006723844e-05,0.48591070502523204,-143.10505187233238
-16.534765932709796,5000,0.05389868836002308,-1.7206150344519169,1.6905405359147976,0.048000784892318335,0.11130742,-2.6104088,2.577375,0.40967113,-5.684341886080802e-18,-9.53864851938449,6.876109054713104,0.9997617368434807,-0.011930904154083736,-0.07206482921749857,0.06777219483066833,0.0003081567331127892,10,-0.005763928,1.8565503,0.005649539,1.0,1.0,0.00016551230636138286,0.48978622987763654,0.2636046801073676
-15.758074191698608,5000,0.05686549418001731,-1.7337170505063875,1.58090130596294,0.06277764756600063,0.09996858,-2.5845013,2.8366687,0.42133492,0.0,-6.655307295360201,5.806202651232542,0.9997913016952702,-0.012239371103825405,-0.05508378313580547,0.05949243187126835,0.00035000949759856216,15,-0.0047184597,1.8626492,0.004460789,1.0,1.0,0.00015948460900878022,0.5443515207378189,0.3499380184242278
-10.03361597745703,5000,0.04199418854468802,-1.7779061784471315,1.8426486533410342,0.071929692918174,0.10433977,-2.648839,3.3400211,0.4384452,0.0,-4.407251974322847,5.683906267271686,0.9997990095693083,-0.009195711575803926,-0.06140521772038385,0.06501818555979727,0.000406133023746251,20,-0.00411148,1.8585762,0.0016790979,1.0,1.0,0.00012416199561529831,0.6956308669531999,0.5180843285395202
-3.480903322877109,5000,0.04315464726139912,-1.8102203412665188,1.6547700412017452,0.0757538281617412,0.11393263,-2.4636197,3.3208213,0.44338846,2.842170943040401e-17,-4.625926318967733,5.666879773300401,0.9997848643085712,-0.002175056983350056,-0.0674411874039534,0.06776011423894952,0.0005132467059423227,25,-0.0074725985,1.858112,0.0047122757,1.0,1.0,0.00014591486518197603,0.7265316618194015,0.520749121888957
