_MeanReward,Steps,_mean_obs,_min_obs,_max_obs,_std_obs,_mean_act,_min_act,_max_act,_std_act,_mean_adv,_min_adv,_max_adv,_std_adv,_mean_discrew,_min_discrew,_max_discrew,_std_discrew,_Episode,PolicyLoss,PolicyEntropy,KL,Beta,_lr_multiplier,ValFuncLoss,ExplainedVarNew,ExplainedVarOld
-17.84727226255433,5000,0.11898444599266689,-1.2875212279432418,1.450108812894709,0.030263510725210014,0.023979064,-2.6710374,2.3907614,0.38574266,-2.2737367544323207e-17,-3.5498022637942293,4.687826485486065,0.9999800885641703,-0.008588523562817547,-0.06430417694926924,0.033268553715910726,0.00025364824306400467,5,-0.0023866412,1.8474452,0.0016569174,1.0,1.0,0.00015042783469571442,0.40770036923951203,-55.28135293030643
-21.7519328332906,5000,0.06795826126343597,-1.983696355392258,1.781908645811307,0.07919521310415593,-0.019966036,-2.5840077,2.3555434,0.39943758,9.663381206337362e-17,-4.048451362431659,5.727474313251073,0.9999423816945393,-0.012992749844612553,-0.0822761189815376,0.027756523242441076,0.00046080544781548066,10,-0.003385439,1.8577371,0.0036760555,1.0,1.0,0.00038859449801158014,0.1650335112938478,-5.178237711645187
-20.803769876207298,5000,0.042739570406362885,-1.727866903677621,1.51408430858507,0.05391404761442324,-0.01805972,-2.515713,2.4042718,0.38728207,2.842170943040401e-17,-4.1538431024711056,8.042400149367518,0.9998735480958049,-0.012302819496698885,-0.0797037312152997,0.03475073079335004,0.0003881310350619235,15,-0.0064329393,1.865159,0.0040395204,1.0,1.0,0.00028627159146507315,0.2635961856442737,-0.2207831265747171
-24.721843512657536,5000,0.0667531545446285,-1.464493840266924,1.4885574023189774,0.07740643822534149,0.016397748,-2.2308235,2.6511052,0.41385362,2.2737367544323207e-17,-5.294586117519287,6.7767426935251995,0.9998665977752571,-0.01573205540701913,-0.07576300121842174,0.05526749293701369,0.0007840136368885496,20,-0.0059997817,1.8715783,0.0059512123,1.0,1.0,0.0005111057047068411,0.3517480239210613,0.15634396888235946
-6.367621868641508,5000,0.08319709413349012,-1.308234960582806,1.372954946568673,0.06318110998944504,0.004774369,-2.6137807,2.4339314,0.40643394,1.1368683772161604e-17,-4.012075778613228,6.780613275257541,0.9998253422525298,-0.0018275140621799696,-0.0527918456812036,0.046479825171246256,0.00025489428453028353,25,-0.0064607994,1.8747586,0.006507961,1.5,1.0,0.00029051697871514885,0.0524323034042139,-0.21648524693428328
