_MeanReward,Steps,_mean_obs,_min_obs,_max_obs,_std_obs,_mean_act,_min_act,_max_act,_std_act,_mean_adv,_min_adv,_max_adv,_std_adv,_mean_discrew,_min_discrew,_max_discrew,_std_discrew,_Episode,PolicyLoss,PolicyEntropy,KL,Beta,_lr_multiplier,ValFuncLoss,ExplainedVarNew,ExplainedVarOld
-40.55386010608113,5000,0.02914297854774365,-1.5070077530534138,1.6490314795106835,0.03889796854598002,-0.22246772,-2.3261957,2.5341392,0.37905112,3.4106051316484806e-17,-3.6126108651739375,6.339130518461228,0.999966599980325,-0.02809254864400487,-0.11842392049555636,0.00045589076963746734,0.0008197214226302745,5,-0.0068759853,1.8455735,0.00427757,1.0,1.0,9.058617260738801e-05,0.889846637728984,-11.758397267237587
-40.78855601092856,5000,0.03088086897851725,-1.5595007510265269,1.4496894767586235,0.03562415126019549,-0.24648343,-2.6617222,1.9212751,0.39522147,5.684341886080802e-18,-8.569700339312282,5.397683369880352,0.9997247683839577,-0.025933400031166325,-0.1166698284671037,0.0008175076728865228,0.0008687647827256183,10,-0.011778775,1.8579872,0.011072105,1.5,1.0,6.553285930231197e-05,0.9258423838381571,0.8684496541639259
-17.500452820138726,5000,0.20741337940112284,-1.4148695702000345,1.5987510001937408,0.05274384634201304,0.037170745,-2.298308,2.2593563,0.3884092,-1.1368683772161604e-17,-3.620140150216155,3.935838481220288,0.9998948618380047,-0.013491615457757197,-0.04796505016216802,0.01247800728336799,0.00013643848379374498,15,-0.0016341035,1.8675997,0.0010306091,1.0,1.0,9.105803058656077e-05,0.34088785653521336,-3.450835743647705
-40.822656751851056,5000,0.049868032380707174,-1.7967201389254686,2.0671465856111526,0.04803577476825523,-0.17942473,-2.905336,2.3342216,0.41458285,-3.4106051316484806e-17,-6.62269484675934,5.920484141891038,0.9996991270534618,-0.02955514962950473,-0.10010304808017498,0.0002593339667158556,0.0004921162800784525,20,-0.0024284387,1.8718977,0.003031514,1.0,1.0,0.0001207685465202892,0.7551483391643181,0.6382484873222685
-35.371321984002975,5000,0.03891512812419977,-1.8423595687257108,1.5790803593349159,0.0390585652195274,-0.23767944,-2.7351346,2.0754473,0.41495577,-1.1368683772161604e-17,-6.214166288788196,4.263506666661167,0.9996576197213548,-0.02988196222785732,-0.10969485360374001,0.007924839705598204,0.0007625300513211796,25,-0.004703348,1.8849157,0.0043520913,1.0,1.0,6.864589169713416e-05,0.9112688455406817,0.8012195965896038
