_MeanReward,Steps,_mean_obs,_min_obs,_max_obs,_std_obs,_mean_act,_min_act,_max_act,_std_act,_mean_adv,_min_adv,_max_adv,_std_adv,_mean_discrew,_min_discrew,_max_discrew,_std_discrew,_Episode,PolicyLoss,PolicyEntropy,KL,Beta,_lr_multiplier,ValFuncLoss,ExplainedVarNew,ExplainedVarOld
-25.598638445356634,5000,-0.00017223131283473843,-1.4596940808748342,1.3744965739499515,0.07521112371508626,-0.12127422,-2.3610308,2.1471424,0.3820268,5.684341886080802e-17,-2.840733925630579,3.5420374021212324,0.9999756346688898,-0.016470609887019982,-0.08451098224176593,0.01690502182799286,0.0003970708612940383,5,-0.0021347052,1.8280096,0.001203875,0.6666666666666666,1.0,0.0001269733979012659,0.6804018499567452,-31.93499813443382
-25.037427379445926,5000,0.02080985978876228,-1.5750587158174212,1.6111068316084136,0.06576388640849479,-0.09551684,-2.577137,2.3081806,0.37641472,1.1368683772161604e-17,-4.8517707061533555,4.576890899208986,0.9998638337900596,-0.02105752266159817,-0.06344827428658768,0.021200928439146553,0.0003730682167567055,10,-0.011069489,1.8203561,0.0070398385,1.0,1.0,0.00019406165018159166,0.4895218641273027,-0.697394268703448
-28.28780936820376,5000,0.03159132916633538,-1.4230552367807472,1.4280623232505352,0.05729501974858828,-0.06939659,-2.4078076,2.197132,0.3736817,0.0,-3.1656346299285523,3.943741260209512,0.9998000202764556,-0.02608307480113561,-0.07508097113883772,0.01900016482163512,0.0004158491824200242,15,-0.0049321814,1.8153691,0.0038521518,1.0,1.0,0.00015941144455450997,0.6344846814441543,0.21281472279506486
-19.381380111084518,5000,0.04521198103535617,-1.4468589691156757,1.5070622715746462,0.06092459027880856,-0.042464677,-2.2601123,2.8162723,0.3731878,3.4106051316484806e-17,-3.7670388037823113,5.613019210664267,0.9997745021442414,-0.015910739452425566,-0.0690132622585373,0.03601481109226565,0.0005155880629064217,20,-0.007040296,1.8176965,0.005647859,1.0,1.0,0.00013971698863782014,0.748897856551574,0.5603786629737919
3.0509080161800357,5000,0.06982073432390878,-1.3942295717717443,1.5022985423023096,0.06897171423080095,-0.023525745,-2.261209,2.7207503,0.37045717,-2.2737367544323207e-17,-2.880629877121519,4.642773454168264,0.9997638988642579,0.006359674584670149,-0.03766810561534012,0.057522092659782045,0.0003015842983797461,25,-0.0069212406,1.8210857,0.0072658663,1.5,1.0,0.00015407700256375286,0.5345088206140709,0.19594300700045109
