_MeanReward,Steps,_mean_obs,_min_obs,_max_obs,_std_obs,_mean_act,_min_act,_max_act,_std_act,_mean_adv,_min_adv,_max_adv,_std_adv,_mean_discrew,_min_discrew,_max_discrew,_std_discrew,_Episode,PolicyLoss,PolicyEntropy,KL,Beta,_lr_multiplier,ValFuncLoss,ExplainedVarNew,ExplainedVarOld
-25.599814699166295,5000,0.07632133089889169,-1.8383113690342892,1.6969308367680502,0.06391684212394239,-0.07483503,-2.9050953,2.2750354,0.39832747,9.947598300641403e-18,-7.342792634775849,6.143515729346799,0.9999809402727197,-0.017629845203383225,-0.11543861614537475,0.03693472305678592,0.0003677510646849579,5,-0.0030824938,1.8380246,0.0015037035,1.0,1.0,0.00013489423603879684,0.6592642846624726,-46.54629309647179
-23.660695345317855,5000,0.05119507382547664,-1.7533165357029126,1.8915021213792407,0.07882845122955687,-0.022053018,-2.3177814,2.1920128,0.40433776,3.4106051316484806e-17,-5.338865360726057,4.783756321866789,0.9998326533232612,-0.018161821266571933,-0.09308119000419443,0.010084722780239808,0.0002927989861175638,10,-0.0035428358,1.8375304,0.0025229994,1.0,1.0,0.0001442158513620844,0.5372776669189074,-0.16663289767711809
-21.974437850981435,5000,0.055647176370654354,-1.6157617837866076,1.7136778790820961,0.07983499563749714,-0.037125543,-2.419314,2.1298323,0.4021421,-5.684341886080802e-18,-4.5655274745002625,5.69107246207225,0.9997472080691561,-0.01822868671190552,-0.09418615982550642,0.01031955251366293,0.000316219941852423,15,-0.0054360298,1.8424582,0.0056294403,1.0,1.0,0.00011639617795036586,0.6379992308236938,0.5101273232191088
-17.365043128918686,5000,0.05097217397970247,-1.426091040903106,1.646594825284332,0.08748262384416053,-0.029904606,-2.457376,2.4865034,0.41090587,-1.9895196601282805e-17,-4.111367694340817,7.165864316212924,0.9997528744018688,-0.012139951581802977,-0.08092262128894555,0.030657465057886555,0.00030160191221630865,20,-0.0066564,1.8478179,0.00645942,1.5,1.0,0.00011909036485852931,0.6176448443118058,0.5318816387084884
-6.38629750244491,5000,0.04832413428169795,-1.571407499196577,1.6122702608080255,0.0898842666772286,-0.017574051,-2.6124003,2.2114267,0.41961873,-1.7053025658242403e-17,-3.89703878995837,3.88722294744721,0.9997482918757195,-0.0040479638101142985,-0.09166247819331128,0.050586698526522644,0.000552642955507148,25,-0.0040561873,1.858703,0.0033631898,1.5,1.0,0.00039021082054162444,0.41876501896421525,0.40003981799493904
