_MeanReward,Steps,_mean_obs,_min_obs,_max_obs,_std_obs,_mean_act,_min_act,_max_act,_std_act,_mean_adv,_min_adv,_max_adv,_std_adv,_mean_discrew,_min_discrew,_max_discrew,_std_discrew,_Episode,PolicyLoss,PolicyEntropy,KL,Beta,_lr_multiplier,ValFuncLoss,ExplainedVarNew,ExplainedVarOld
-3.231535222799375,5000,0.03513327160590113,-0.9672966459208013,0.9990000000000008,0.05308563924688411,-0.10036355,-2.5668395,2.1287267,0.3889234,4.5474735088646414e-17,-3.9452106851152893,2.8045922694547887,0.9999848354022013,-0.006648298803241265,-0.09446053441600656,0.059450094878825716,0.0005437620027541862,5,-0.004244152,1.8486211,0.0048936387,1.0,1.0,0.0004288689375942122,0.21129296039638545,-64.32217570905757
7.329165144199227,5000,0.0622230675329883,-1.1666362528344443,1.3071224670209125,0.07955318797506922,-0.021589858,-2.2877464,2.231796,0.3995338,2.2737367544323207e-17,-3.7338358406812104,4.192193097993594,0.9999196438334433,7.919348779303945e-05,-0.1564892730226202,0.12555220273261097,0.0015717345447942024,10,-0.007063226,1.8520575,0.005898527,1.0,1.0,0.0010044329861234964,0.36281642031651995,0.08937689193695808
12.7421342815738,5000,0.053042487272473224,-1.1389598551483684,1.2896704165150288,0.07905335443432532,-0.07786472,-2.2352018,2.2155354,0.40753198,-5.684341886080802e-18,-5.081813686428666,4.35416707769413,0.9998719621187081,0.006943358728644155,-0.08955928278491392,0.1350961527579428,0.001145904786219406,15,-0.0035317023,1.8467969,0.0034876587,1.0,1.0,0.0005773442635004387,0.5877875713004368,0.3741951694885093
27.405321909784494,5000,0.06170238902766354,-1.2136070630829372,1.1105336889251622,0.07562371923831662,-0.030342504,-2.4692657,2.5568242,0.42043573,-2.2737367544323207e-17,-3.3378903627471637,4.691538399841861,0.9998665948933005,0.02015759218177144,-0.07693206326051681,0.1412186413359678,0.0012027969867386304,20,-0.004774758,1.8450612,0.0036910973,1.0,1.0,0.00035360985978791454,0.7075277031118696,0.3856477887737859
20.5880343976246,5000,0.047648523689949374,-1.1184518334524611,1.0069495810801363,0.07196942779627337,-0.10304607,-2.3095436,2.3068376,0.41970122,-2.842170943040401e-18,-4.320675992657551,5.311205317879778,0.9997594990788006,0.014242574610883832,-0.05818030002361869,0.11333604275678777,0.0007366995621280804,25,-0.0051772967,1.8476058,0.00711983,1.5,1.0,0.00014772046096638253,0.8042674714569668,0.7708834174783855
