_MeanReward,Steps,_mean_obs,_min_obs,_max_obs,_std_obs,_mean_act,_min_act,_max_act,_std_act,_mean_adv,_min_adv,_max_adv,_std_adv,_mean_discrew,_min_discrew,_max_discrew,_std_discrew,_Episode,PolicyLoss,PolicyEntropy,KL,Beta,_lr_multiplier,ValFuncLoss,ExplainedVarNew,ExplainedVarOld
-17.127307739253915,5000,0.05584252701966914,-1.1792364101265123,1.4586260637031994,0.08669374384206772,0.025634412,-2.3505154,2.022258,0.38357192,8.526512829121201e-18,-3.545413889080186,3.6344481505845523,0.9999740284113312,-0.014672065635864545,-0.1322080025900013,0.05954373239904095,0.0008135338864124511,5,-0.0030903057,1.8373388,0.0020740065,1.0,1.0,0.0003219100384484149,0.6046381236289573,-8.996250990497783
-17.842097644481385,5000,0.05571556797194079,-1.0869754725524607,1.1772242480881878,0.08103794385445226,0.029445738,-2.232808,2.6960948,0.39466763,1.1368683772161604e-17,-5.298192030860016,3.877034413547603,0.9998481085255247,-0.013545773166852439,-0.10856630531789738,0.05384226779268792,0.0008864708342053456,10,-0.00615112,1.8333545,0.004950029,1.0,1.0,0.0002823371581914826,0.708882399003588,0.5510211450527945
-2.5912025414142,5000,0.0654513651329771,-1.289855853616324,1.2573640530649064,0.08874078850181862,0.043993603,-2.0746577,2.364233,0.3792045,-8.526512829121201e-18,-3.009658409556453,4.010717563067424,0.999830229519069,-0.002535203936699126,-0.0975974901719423,0.11944777424159325,0.0012580065534585033,15,-0.0054729166,1.828285,0.0071324324,1.5,1.0,0.00044008962100893764,0.7184441603412162,0.5924381786896339
8.245974184398522,5000,0.05838660601828277,-1.325176407572095,1.3735999870331363,0.08935794172572671,0.03942692,-2.172493,2.3695314,0.3745572,5.115907697472721e-17,-3.1483748676278576,3.85565510675332,0.9998434922537437,0.005937519599252901,-0.0963830650103667,0.10891483178964656,0.0015833503644391176,20,-0.009532887,1.8288642,0.0076732943,2.25,1.0,0.0005817326661871362,0.6501550782367111,0.562912926207938
34.50504980809164,5000,0.048774501592870556,-1.7708010877203886,1.5555518958586576,0.09096782545295744,0.049338788,-2.372436,2.5131931,0.3846088,-8.526512829121201e-18,-8.127507296574791,3.006470865624982,0.9998772764698886,0.024546149029068362,-0.11620236709404497,0.15708337903375874,0.0021722926294437442,25,-0.0039575566,1.8303764,0.002320486,2.25,1.0,0.000678917300603028,0.7239324403073151,0.5224324281403461
