_MeanReward,Steps,_mean_obs,_min_obs,_max_obs,_std_obs,_mean_act,_min_act,_max_act,_std_act,_mean_adv,_min_adv,_max_adv,_std_adv,_mean_discrew,_min_discrew,_max_discrew,_std_discrew,_Episode,PolicyLoss,PolicyEntropy,KL,Beta,_lr_multiplier,ValFuncLoss,ExplainedVarNew,ExplainedVarOld
-20.06035600969256,5000,0.042926358897835276,-1.6921080028266768,1.7612965408040073,0.05066414117963706,0.08658726,-2.4860463,2.6133654,0.4099787,5.684341886080802e-18,-4.420471658101819,4.781260396289901,0.9999903219940974,-0.011755482190724148,-0.07166669547613252,0.005560694644441626,0.000146366266045945,5,-0.0036677278,1.8306917,0.0038472565,1.0,1.0,7.471208943345082e-05,0.49132173889664477,-339.041253583248
-21.077120897569905,5000,0.04208252102012476,-1.7020064670330417,2.042486297267598,0.07430864355735994,0.03104599,-2.7038207,2.754837,0.46269,-1.1368683772161604e-17,-4.876424356868603,5.358510925814967,0.9998273206462375,-0.013380616778247414,-0.05717511646285546,0.018815711937236763,0.00016590201973685942,10,-0.0024806424,1.8335402,0.0017777561,1.0,1.0,6.568898801667759e-05,0.6040589167017684,-0.559966457296359
-20.404600909542342,5000,0.05401912526010779,-1.857076461644502,2.04480467400169,0.08391303217298988,0.019492965,-2.7194462,2.4810917,0.458919,-1.7053025658242403e-17,-6.165828579959617,7.53626849313213,0.9997987065595096,-0.012611492370259695,-0.05796207784517748,0.023488221876266126,0.00018488243113575517,15,-0.004523926,1.8364136,0.0044243555,1.0,1.0,8.749585685524961e-05,0.5355432896951002,-0.2627401393526212
-12.289120848219522,5000,0.05497364046477528,-1.7320700228986012,1.9868736251129715,0.10156124986557893,0.020380449,-2.3708436,2.7908592,0.45162892,8.526512829121201e-18,-7.26635860378073,8.408291693850758,0.9998277314323856,-0.004585084981484455,-0.07807017778368211,0.05553390626536717,0.00041495389358942687,20,-0.0054149954,1.8333198,0.0033695938,1.0,1.0,0.0001866485072922186,0.596317662095639,0.3069729781041909
-11.390270162047326,5000,0.05447534368387579,-1.8207699379934896,1.8755148836894058,0.10275595497374873,0.0183951,-2.7982955,2.7961755,0.4441084,2.5579538487363606e-17,-6.1565895119407195,6.5285067409847155,0.9998262240320274,-0.004943590937864436,-0.10339073048058518,0.06459234295202798,0.0005013444207817415,25,-0.0048428993,1.8382828,0.0044654734,1.0,1.0,0.00018718101524848994,0.6309397374542797,0.4768025776895882
