_MeanReward,Steps,_mean_obs,_min_obs,_max_obs,_std_obs,_mean_act,_min_act,_max_act,_std_act,_mean_adv,_min_adv,_max_adv,_std_adv,_mean_discrew,_min_discrew,_max_discrew,_std_discrew,_Episode,PolicyLoss,PolicyEntropy,KL,Beta,_lr_multiplier,ValFuncLoss,ExplainedVarNew,ExplainedVarOld
1.3155856449423884,5000,0.10379829515194888,-0.9410855206369972,0.9990000000000008,0.020905223412595913,0.47112387,-1.9753324,2.671836,0.38411736,1.4210854715202004e-17,-5.194331414618127,3.2493560396283616,0.9999614675683335,-0.003039643837213024,-0.05440997622139256,0.04398166482411349,0.00014638372670759526,5,-0.0065995976,1.8366671,0.0021692123,1.0,1.0,5.171970608390325e-05,0.646791021562239,-41.799317490217234
6.505657345925739,5000,0.05781151437111047,-1.3365422844430825,1.2812608101932434,0.05287121703372671,0.34272772,-2.0538433,3.1428628,0.4216436,1.1368683772161604e-17,-5.3063137687605515,6.16947556509208,0.9998597634909829,0.004265821504308835,-0.061640977392144046,0.08370546972745711,0.0005367693192221752,10,-0.004518468,1.842382,0.0037998985,1.0,1.0,0.00020325244456161,0.6225574616677715,-0.38060062822858587
10.254770444510537,5000,0.051561616683711835,-1.3458384222758626,1.2122783441761888,0.040121117401382536,0.387157,-2.04823,2.5951436,0.4039498,4.5474735088646414e-17,-6.049516906912742,7.809397064908523,0.9997243115177596,0.006986864374941588,-0.024600622550945868,0.09424849341612151,0.00045466627563517826,15,-0.006268401,1.8500614,0.008076557,1.5,1.0,0.0001151177917507124,0.761055083707211,0.6665343720179999
0.8977951688708851,5000,0.05182054232477923,-1.487046732158467,1.2672547427819372,0.07777962725248738,0.2504996,-2.2049427,2.7521288,0.4318872,-4.5474735088646414e-17,-4.374899979852996,3.306677823627072,0.9998776800436681,-0.00308578153673722,-0.11815372215310707,0.08861059491792847,0.0007148045199521632,20,-0.0020463003,1.8539251,0.0017006508,1.5,1.0,0.00018887819571780878,0.7358807142442723,-1.5752749740833063
-1.4393174406096496,5000,0.054447253509809716,-1.3629134171525434,1.280885013976028,0.07376057260747418,0.19014561,-2.1827867,2.9680862,0.44755176,3.4106051316484806e-17,-4.217804214173112,3.8294450655910413,0.9998152461060381,-0.006790405385309877,-0.09180131915785039,0.05555586770272605,0.000667592090939977,25,-0.0037831087,1.8538886,0.0033044778,1.5,1.0,0.00029882150716615543,0.594421745839086,0.4436898763845366
