_MeanReward,Steps,_mean_obs,_min_obs,_max_obs,_std_obs,_mean_act,_min_act,_max_act,_std_act,_mean_adv,_min_adv,_max_adv,_std_adv,_mean_discrew,_min_discrew,_max_discrew,_std_discrew,_Episode,PolicyLoss,PolicyEntropy,KL,Beta,_lr_multiplier,ValFuncLoss,ExplainedVarNew,ExplainedVarOld
17.00975534743784,5000,0.010120468222109007,-1.768100864579493,1.7304648949332244,0.08493717647367882,-0.14917114,-2.3085043,2.1505272,0.40094277,3.4106051316484806e-17,-2.9169322702543385,4.113292606572362,0.9999895462555418,0.014180396936890315,-0.06049003354002369,0.12706189049302596,0.0005745986133623191,5,-0.00647722,1.8486822,0.0066270325,1.5,1.0,0.0003263894652746107,0.4333520512670833,-139.33266264841907
9.1909244256819,5000,0.013788871416201776,-1.54494890138862,1.7908757865445477,0.06327549875438813,-0.19384763,-2.763271,2.1057513,0.4096263,-5.684341886080802e-18,-4.044721691147432,6.057337880585834,0.9998703599530112,0.007607307122542531,-0.044574893570804554,0.0833114539128065,0.0002443499431577216,10,-0.0037243476,1.8509519,0.0017378052,1.5,1.0,0.00017826044280525296,0.2916324032899771,-0.3993162710718632
10.340793336824678,5000,0.025248355748811152,-1.3072428723068659,1.4431764458862977,0.055066035789280134,-0.21866395,-2.491041,2.2699487,0.40147585,-8.526512829121201e-18,-8.706417529579628,5.108760401777046,0.9998202808519909,0.007545797061643866,-0.04331343430630018,0.07811279176158023,0.00019280630711865325,15,-0.005948084,1.8542573,0.0023079952,1.5,1.0,0.00011680981650090795,0.462896064927513,0.08237058750121651
15.220249436818236,5000,0.0393198785343445,-1.6262079397778102,1.5127785765667068,0.06456304262830237,-0.19313072,-2.437713,2.3436368,0.4161294,-3.4106051316484806e-17,-5.489963480309643,6.633342857016632,0.9997664894562976,0.010118107478261813,-0.020189560712158213,0.08004493981254794,0.00040643023040481003,20,-0.005356964,1.856418,0.0025316945,1.5,1.0,0.00011360425796903184,0.7302616863591237,0.5313815853339604
14.850164892608522,5000,0.039572262873044564,-1.7729350480674255,1.6766110090613262,0.06176709431535611,-0.22610706,-2.6858428,2.0247312,0.40199795,-1.7053025658242403e-17,-6.884105734330339,7.302363163961834,0.9997600887852607,0.011321674383128486,-0.021975511513829194,0.11171355651407926,0.0004843815977346972,25,-0.0027078046,1.8506899,0.002121538,1.5,1.0,9.743762019260244e-05,0.8013463441527005,0.5851426934158164
