_MeanReward,Steps,_mean_obs,_min_obs,_max_obs,_std_obs,_mean_act,_min_act,_max_act,_std_act,_mean_adv,_min_adv,_max_adv,_std_adv,_mean_discrew,_min_discrew,_max_discrew,_std_discrew,_Episode,PolicyLoss,PolicyEntropy,KL,Beta,_lr_multiplier,ValFuncLoss,ExplainedVarNew,ExplainedVarOld
-3.984580973516448,5000,0.04256403929845377,-1.3627658943025172,1.413356746979858,0.06977549443980927,-0.13352233,-2.6669724,2.6587276,0.39044654,0.0,-3.3114005624702396,2.7395220034373837,0.9999835470143458,-0.002059772705809722,-0.048061597597697535,0.055084847485548906,0.00026960475017716334,5,-0.0025959192,1.8391645,0.0017495215,1.0,1.0,0.00020941798541416034,0.2271193289345398,-71.83815227249279
-10.671740385058431,5000,0.04318589755557592,-1.4267335648591195,1.3355076711409422,0.08034766117345499,-0.06815499,-2.3518915,2.0637562,0.39121595,2.2737367544323207e-17,-4.791800511513893,5.028133052538534,0.9998173449110221,-0.006164679239545156,-0.043868688779710535,0.0478158487872744,0.00020960799726925058,10,-0.0041450523,1.8294288,0.003551835,1.0,1.0,0.00015168785846316114,0.30092234553779607,0.05070972634450066
-6.57163653137725,5000,0.04902103014232114,-1.3553085582310658,1.3249566652894171,0.08520338442309455,-0.07262392,-2.1394129,2.1020052,0.37883055,1.5631940186722205e-17,-4.120827836006333,5.8917136064278965,0.9997609223464726,-0.005225355767828312,-0.05389470446528418,0.02935747982426661,0.00016914690105804627,15,-0.005929585,1.832217,0.0059054657,1.0,1.0,0.00011133525663875717,0.34589080338133205,0.18724929846203486
11.563797481979478,5000,0.06458584057301812,-1.3777996880840135,1.8058132247138057,0.09953843444494646,-0.0159118,-2.2765272,2.5215647,0.39067125,2.842170943040401e-18,-6.790157782105256,4.008672629430822,0.99984130103545,0.010491747982096195,-0.04377083494305324,0.06932155440362825,0.00044914708683328926,20,-0.006611574,1.8364297,0.006709836,1.5,1.0,0.0002773023699470286,0.38795036138717365,0.0976101294261481
13.415377571176503,5000,0.04877120978061553,-1.717402577107241,1.5494356027008396,0.10351874251281935,-0.08621322,-2.306438,2.8234677,0.4044036,2.2737367544323207e-17,-5.602456515536917,5.371480216409075,0.9998473520585126,0.011517565760611203,-0.07605401155102912,0.10137540720104886,0.0006589237089576326,25,-0.0046720267,1.831242,0.0027029498,1.5,1.0,0.00048699185096551343,0.26234471897853373,0.034280951875525045
