_MeanReward,Steps,_mean_obs,_min_obs,_max_obs,_std_obs,_mean_act,_min_act,_max_act,_std_act,_mean_adv,_min_adv,_max_adv,_std_adv,_mean_discrew,_min_discrew,_max_discrew,_std_discrew,_Episode,PolicyLoss,PolicyEntropy,KL,Beta,_lr_multiplier,ValFuncLoss,ExplainedVarNew,ExplainedVarOld
23.317350836434592,5000,0.049750717937062344,-1.1906650659983757,1.1761892068652617,0.07377429388788183,-0.0044484255,-2.5952857,2.2874613,0.39079893,-1.1368683772161604e-17,-3.636012547145485,3.2216903348049124,0.9999710615386622,0.012215133687848222,-0.0797812066832747,0.10557720677965061,0.00121669863849429,5,-0.004335817,1.8431245,0.0036355164,1.0,1.0,0.00035349492464741277,0.709541498234392,-10.289881014706136
27.082045792917928,5000,0.06710372188353325,-1.3681767673933836,1.2918774123796168,0.0702475978023025,0.0058023822,-2.535752,2.503583,0.3892991,1.4210854715202004e-18,-5.075484530887683,3.939995241792245,0.9998606071618251,0.0162614511225134,-0.1177964411632312,0.10569549834693635,0.0010456406811986054,10,-0.0061837677,1.8337042,0.0069494895,1.5,1.0,0.0003002501009186,0.7135297854094871,0.4508537488090292
38.550767383528374,5000,0.07001382109622914,-1.3170288757644864,1.2764234696336727,0.06493178543356427,0.020577356,-2.830816,2.7382524,0.3888544,0.0,-5.3979188699735525,3.4715541927346414,0.9998582844683093,0.021548753258912194,-0.09471110248847732,0.11670451442269698,0.0016322230385124592,15,-0.0038044904,1.8338151,0.0026502097,1.5,1.0,0.000511371858949888,0.6938378823823954,0.46217067017635827
37.15223067255843,5000,0.055100669166996755,-1.4050802138392433,1.4225461616606874,0.10132159590640438,-0.024393078,-2.2371993,2.631884,0.4154603,2.2737367544323207e-17,-2.9491464316385096,7.624471961870372,0.9998893857737243,0.023926773933364783,-0.08587790841385334,0.1661793185298855,0.0023060667107183274,20,-0.0033111363,1.837667,0.0015285814,1.5,1.0,0.00037072307623627467,0.8392400988198275,0.2727391885404816
26.03920938082649,5000,0.07086019352434386,-1.2668540894558964,1.0202174822004977,0.05204685322571899,0.054298274,-2.311566,2.571593,0.3785215,1.1368683772161604e-17,-5.86044091563918,4.375169336390183,0.9997737702323404,0.0101473329685506,-0.05968540164717358,0.11917136538132805,0.0010897088955801966,25,-0.0052914266,1.8292558,0.0038719918,1.5,1.0,0.00023959888977260127,0.7807451388657805,0.7033600002669576
